Datetime,Water Level (m)
2025-11-25 00:00:00,0.39041525
2025-11-25 01:00:00,0.3218352
2025-11-25 02:00:00,0.22113119
2025-11-25 03:00:00,0.10116155
2025-11-25 04:00:00,-0.023637805
2025-11-25 05:00:00,-0.15925068
2025-11-25 06:00:00,-0.28119794
2025-11-25 07:00:00,-0.35371667
2025-11-25 08:00:00,-0.30676326
2025-11-25 09:00:00,-0.1777972
2025-11-25 10:00:00,-0.017832346
2025-11-25 11:00:00,0.06759049
2025-11-25 12:00:00,0.09511369
2025-11-25 13:00:00,0.04960288
2025-11-25 14:00:00,-0.037188496
2025-11-25 15:00:00,-0.12242854
2025-11-25 16:00:00,-0.2201029
2025-11-25 17:00:00,-0.31579542
2025-11-25 18:00:00,-0.3893001
2025-11-25 19:00:00,-0.35891744
2025-11-25 20:00:00,-0.22099811
2025-11-25 21:00:00,-0.0007602458
2025-11-25 22:00:00,0.17234254
2025-11-25 23:00:00,0.32121643
2025-11-26 00:00:00,0.4102608
2025-11-26 01:00:00,0.3930953
2025-11-26 02:00:00,0.30745375
2025-11-26 03:00:00,0.20552155
2025-11-26 04:00:00,0.0894151
2025-11-26 05:00:00,-0.026190225
2025-11-26 06:00:00,-0.15034698
2025-11-26 07:00:00,-0.25506645
2025-11-26 08:00:00,-0.2884091
2025-11-26 09:00:00,-0.21680115
2025-11-26 10:00:00,-0.09534202
2025-11-26 11:00:00,0.011808486
2025-11-26 12:00:00,0.07346809
2025-11-26 13:00:00,0.08962262
2025-11-26 14:00:00,0.039982405
2025-11-26 15:00:00,-0.035491653
2025-11-26 16:00:00,-0.1139172
2025-11-26 17:00:00,-0.20406842
2025-11-26 18:00:00,-0.28942785
2025-11-26 19:00:00,-0.34759605
2025-11-26 20:00:00,-0.3006898
2025-11-26 21:00:00,-0.1524531
2025-11-26 22:00:00,0.050892536
2025-11-26 23:00:00,0.19893447
2025-11-27 00:00:00,0.32153162
2025-11-27 01:00:00,0.37611553
2025-11-27 02:00:00,0.3288435
2025-11-27 03:00:00,0.23995811
2025-11-27 04:00:00,0.14245003
2025-11-27 05:00:00,0.035194233
2025-11-27 06:00:00,-0.07732064
2025-11-27 07:00:00,-0.19138798
2025-11-27 08:00:00,-0.27990398
2025-11-27 09:00:00,-0.2936834
2025-11-27 10:00:00,-0.21314888
2025-11-27 11:00:00,-0.094840705
2025-11-27 12:00:00,0.010995775
2025-11-27 13:00:00,0.086545676
2025-11-27 14:00:00,0.1213952
2025-11-27 15:00:00,0.085387446
2025-11-27 16:00:00,0.019688768
2025-11-27 17:00:00,-0.0544037
2025-11-27 18:00:00,-0.14000152
2025-11-27 19:00:00,-0.22231725
2025-11-27 20:00:00,-0.27272922
2025-11-27 21:00:00,-0.21578865
2025-11-27 22:00:00,-0.074650995
2025-11-27 23:00:00,0.1107681
2025-11-28 00:00:00,0.23902626
2025-11-28 01:00:00,0.34376308
2025-11-28 02:00:00,0.3772571
2025-11-28 03:00:00,0.32191664
2025-11-28 04:00:00,0.23718703
2025-11-28 05:00:00,0.14424464
2025-11-28 06:00:00,0.039498776
2025-11-28 07:00:00,-0.06630366
2025-11-28 08:00:00,-0.17792597
2025-11-28 09:00:00,-0.2696315
2025-11-28 10:00:00,-0.29166606
2025-11-28 11:00:00,-0.2097945
2025-11-28 12:00:00,-0.07751998
2025-11-28 13:00:00,0.047468394
2025-11-28 14:00:00,0.1345537
2025-11-28 15:00:00,0.18486442
2025-11-28 16:00:00,0.16677001
2025-11-28 17:00:00,0.105689704
2025-11-28 18:00:00,0.03619337
2025-11-28 19:00:00,-0.0482218
2025-11-28 20:00:00,-0.13476224
2025-11-28 21:00:00,-0.19631802
2025-11-28 22:00:00,-0.17489663
2025-11-28 23:00:00,-0.06835638
2025-11-29 00:00:00,0.09507651
2025-11-29 01:00:00,0.21795425
2025-11-29 02:00:00,0.31187275
2025-11-29 03:00:00,0.34628618
2025-11-29 04:00:00,0.29887563
2025-11-29 05:00:00,0.21407644
2025-11-29 06:00:00,0.12081552
2025-11-29 07:00:00,0.017895192
2025-11-29 08:00:00,-0.09068204
2025-11-29 09:00:00,-0.20468806
2025-11-29 10:00:00,-0.30282915
2025-11-29 11:00:00,-0.33854955
2025-11-29 12:00:00,-0.24817985
2025-11-29 13:00:00,-0.091398016
2025-11-29 14:00:00,0.069294274
2025-11-29 15:00:00,0.18276583
2025-11-29 16:00:00,0.26034862
2025-11-29 17:00:00,0.26381788
2025-11-29 18:00:00,0.20568708
2025-11-29 19:00:00,0.12961014
2025-11-29 20:00:00,0.038295384
2025-11-29 21:00:00,-0.057443947
2025-11-29 22:00:00,-0.15306248
2025-11-29 23:00:00,-0.19151692
2025-11-30 00:00:00,-0.12454228
2025-11-30 01:00:00,0.014123763
2025-11-30 02:00:00,0.16515276
2025-11-30 03:00:00,0.26071924
2025-11-30 04:00:00,0.31986585
2025-11-30 05:00:00,0.30194175
2025-11-30 06:00:00,0.21708602
2025-11-30 07:00:00,0.119488075
2025-11-30 08:00:00,0.0150865335
2025-11-30 09:00:00,-0.098997384
2025-11-30 10:00:00,-0.2203681
2025-11-30 11:00:00,-0.32946214
2025-11-30 12:00:00,-0.3760873
2025-11-30 13:00:00,-0.27246878
2025-11-30 14:00:00,-0.081833504
2025-11-30 15:00:00,0.110652104
2025-11-30 16:00:00,0.24911569
2025-11-30 17:00:00,0.35031283
2025-11-30 18:00:00,0.36175218
2025-11-30 19:00:00,0.29510245
2025-11-30 20:00:00,0.21277963
2025-11-30 21:00:00,0.10709948
2025-11-30 22:00:00,0.00080496666
2025-11-30 23:00:00,-0.11539385
2025-12-01 00:00:00,-0.20677577
